{"filename": "pyntcloud_plot", "camera_position": [1.494198, 2.03444, 1.30756], "look_at": [-0.008242565588070709, 0.06784389489449949, 0.037277828072023435], "point_size": 0.018755220000000003, "point_opacity": 0.9, "polylines_points": [], "polylines_colors": []}